Datum,Zápis,Částka,MD,DAL,Typ,Kód,Číslo,Popis
10.02.2025,12,"10 000,00",353000,411000,ID,"",2025000001,Základní kapitál
12.02.2025,41,"9 200,00",221002,261000,BV,fio_641_czk,22,Převod mezi firemními účty
12.02.2025,4,"9 200,00",221001,353000,BV,fio_208_czk,3,Splacení pohledávky za upsaným vlastním jměním
12.02.2025,6,"800,00",221001,353000,BV,fio_208_czk,1,Splacení pohledávky za upsaným vlastním jměním
12.02.2025,10,"800,00",365000,221001,BV,fio_208_czk,2,Půjčka společníka
12.02.2025,47,"9 200,00",261000,221001,BV,fio_208_czk,4,Převod mezi firemními účty
13.02.2025,5,"870 000,00",221001,365000,BV,fio_208_czk,5,Půjčka společníka
14.02.2025,43,"1 058,00",261000,221002,BV,fio_641_czk,23,Převod mezi firemními účty
14.02.2025,22,"1 058,00",501004,321000,FP,"",2025000002,vana
14.02.2025,38,"1 058,00",321000,221001,BV,fio_208_czk,6,Úhrada faktury dodavateli
14.02.2025,46,"1 058,00",221001,261000,BV,fio_208_czk,7,Převod mezi firemními účty
16.02.2025,42,"2 440,00",261000,221002,BV,fio_641_czk,24,Převod mezi firemními účty
16.02.2025,27,"2 440,00",321000,221001,BV,fio_208_czk,9,Úhrada faktury dodavateli
16.02.2025,45,"2 440,00",221001,261000,BV,fio_208_czk,8,Převod mezi firemními účty
17.02.2025,23,"2 440,00",538000,321000,FP,"",2025000003,"dálniční známka, SPZ: 6SL2846 20. 2. 2025 - 19. 2. 2026"
21.02.2025,3,"28 679,00",221001,365000,BV,fio_208_czk,10,Půjčka společníka
21.02.2025,7,"28 679,00",548100,221001,BV,fio_208_czk,11,Pojištění
28.02.2025,16,"1 704,00",221001,365000,BV,fio_208_czk,12,Půjčka společníka
28.02.2025,44,"8,30",221002,662001,BV,fio_641_czk,25,Připsaný úrok na BÚ
28.02.2025,21,"1 704,00",548100,321000,FP,"",2025000004,pojištění odpovědnosti firmy
01.03.2025,13,"420,00",343001,321000,FP,"",2025000001,DPH v základní sazbě
01.03.2025,14,"2 000,00",518004,321000,FP,"",2025000001,Fakturujeme vám účetní služby za období březen 2025.
01.03.2025,15,"2 420,00",321000,221001,BV,fio_208_czk,14,Úhrada faktury dodavateli
01.03.2025,36,"1 704,00",321000,221001,BV,fio_208_czk,15,Úhrada faktury dodavateli
01.03.2025,49,"2 420,00",221001,261000,BV,fio_208_czk,13,Převod mezi firemními účty
01.03.2025,55,"2 420,00",261000,221002,BV,fio_641_czk,27,Převod mezi firemními účty
18.03.2025,24,"150 991,74",343001,321000,FP,"",2025000005,DPH v základní sazbě
18.03.2025,25,"719 008,26",042000,321000,FP,"",2025000005,"VOZIDLO BMW X3 VIN WBAUZ95060N118610"
18.03.2025,116,"719 008,26",022002,042000,ID,"",2025000002,Zařazení spz 6SL2846
18.03.2025,117,"0,26",548000,022002,ID,"",2025000002,zaokr.
20.03.2025,26,"870 000,00",321000,221001,BV,fio_208_czk,16,Úhrada faktury dodavateli
30.03.2025,32,"2 000,00",221001,365000,BV,fio_208_czk,18,Půjčka společníka
30.03.2025,48,"3 190,30",221001,261000,BV,fio_208_czk,17,Převod mezi firemními účty
30.03.2025,56,"3 190,30",261000,221002,BV,fio_641_czk,28,Převod mezi firemními účty
31.03.2025,33,"806,79",343001,321000,FP,"",2025000007,DPH v základní sazbě
31.03.2025,34,"3 841,82",501003,321000,FP,"",2025000007,nafta
31.03.2025,52,"-152 219,00",343111,343003,ID,"",2025000003,NO
31.03.2025,53,"152 219,00",343111,343001,ID,"",2025000003,vstup 21%
31.03.2025,54,"0,47",343001,648000,ID,"",2025000003,zaokrouhlení 21%
31.03.2025,57,"6,55",221002,662001,BV,fio_641_czk,29,Připsaný úrok na BÚ
01.04.2025,28,"420,00",343001,321000,FP,"",2025000006,DPH v základní sazbě
01.04.2025,29,"2 000,00",518004,321000,FP,"",2025000006,Fakturujeme vám účetní služby za období duben 2025.
01.04.2025,30,"2 420,00",321000,221001,BV,fio_208_czk,20,Úhrada faktury dodavateli
01.04.2025,31,"2 000,00",221001,365000,BV,fio_208_czk,19,Půjčka společníka
02.04.2025,35,"4 648,61",321000,221001,BV,fio_208_czk,21,Úhrada faktury dodavateli
19.04.2025,58,"6,55",221001,261000,BV,fio_208_czk,30,Převod mezi firemními účty
19.04.2025,79,"6,55",261000,221002,BV,fio_641_czk,39,Převod mezi firemními účty
30.04.2025,65,"5 000,00",221001,365000,BV,fio_208_czk,31,Půjčka společníka
30.04.2025,59,"31 424,40",311000,343001,FO,"",2025000001,DPH v základní sazbě
30.04.2025,60,"149 640,00",311000,604000,FO,"",2025000001,Tržby za prodej zboží (mimo skladovou evidenci)
30.04.2025,66,"500,00",221001,365000,BV,fio_208_czk,32,Půjčka společníka
30.04.2025,71,"894,07",343001,321000,FP,"",2025000010,DPH v základní sazbě
30.04.2025,72,"4 257,52",501003,321000,FP,"",2025000010,PHM
30.04.2025,74,"30 110,00",343111,343003,ID,"",2025000004,DP
30.04.2025,75,"1 314,00",343111,343001,ID,"",2025000004,vstup 21%
30.04.2025,76,"0,33",343001,648000,ID,"",2025000004,zaokrouhlení 21%
30.04.2025,77,"31 424,00",343001,343111,ID,"",2025000004,výstup 21%
30.04.2025,97,"0,21",221002,662001,BV,fio_641_czk,40,Připsaný úrok na BÚ
30.04.2025,153,"104 820,00",518021,321000,FP,"",2025000009,IT konzultace
01.05.2025,61,"420,00",343001,321000,FP,"",2025000008,DPH v základní sazbě
01.05.2025,62,"2 000,00",518004,321000,FP,"",2025000008,Fakturujeme vám účetní služby za období květen 2025.
01.05.2025,63,"0,21",221001,261000,BV,fio_208_czk,33,Převod mezi firemními účty
01.05.2025,93,"0,21",261000,221002,BV,fio_641_czk,46,Převod mezi firemními účty
02.05.2025,73,"5 151,59",321000,221001,BV,fio_208_czk,34,Úhrada faktury dodavateli
15.05.2025,67,"181 064,40",221001,311000,BV,fio_208_czk,35,Přijatá úhrada odeslané faktury
15.05.2025,168,"104 820,00",321000,221001,BV,fio_208_czk,36,Úhrada faktury dodavateli
17.05.2025,69,"2 420,00",321000,221001,BV,fio_208_czk,37,Úhrada faktury dodavateli
17.05.2025,70,"67 900,00",261000,221001,BV,fio_208_czk,38,Převod mezi firemními účty
17.05.2025,94,"67 900,00",221002,261000,BV,fio_641_czk,47,Převod mezi firemními účty
21.05.2025,78,"30 110,00",343003,221001,BV,fio_208_czk,42,Úhrada DPH
21.05.2025,80,"30 000,00",221001,261000,BV,fio_208_czk,41,Převod mezi firemními účty
21.05.2025,95,"30 000,00",261000,221002,BV,fio_641_czk,48,Převod mezi firemními účty
23.05.2025,81,"90 000,00",261000,221001,BV,fio_208_czk,44,Převod mezi firemními účty
23.05.2025,96,"90 000,00",221002,261000,BV,fio_641_czk,49,Převod mezi firemními účty
23.05.2025,99,"90 917,00",221001,365000,BV,fio_208_czk,43,Půjčka společníka
30.05.2025,88,"23 788,80",311000,343001,FO,"",2025000002,DPH v základní sazbě
30.05.2025,89,"113 280,00",311000,604000,FO,"",2025000002,Tržby za prodej zboží (mimo skladovou evidenci)
30.05.2025,154,"56 640,00",518021,321000,FP,"",2025000011,IT konzultace v oblasti vývoje a testování
31.05.2025,179,"0,06",343001,648000,ID,"",2025000005,zaokrouhlení 21%
31.05.2025,180,"1 329,00",343111,343001,ID,"",2025000005,vstup 21%
31.05.2025,181,"22 934,00",343111,343003,ID,"",2025000005,DP
31.05.2025,182,"24 263,00",343001,343111,ID,"",2025000005,výstup 21%
31.05.2025,98,"94,96",221002,662001,BV,fio_641_czk,50,Připsaný úrok na BÚ
31.05.2025,112,"908,82",343001,321000,FP,"",2025000013,DPH v základní sazbě
31.05.2025,113,"4 327,71",501003,321000,FP,"",2025000013,Nafta
31.05.2025,128,"474,08",311000,343001,FO,"",2025000003,DPH v základní sazbě
31.05.2025,129,"999,20",311000,602000,FO,"",2025000003,Poskytnuté služby
31.05.2025,130,"1 258,32",311000,602000,FO,"",2025000003,Poskytnuté služby
01.06.2025,90,"420,00",343001,321000,FP,"",2025000012,DPH v základní sazbě
01.06.2025,91,"2 000,00",518004,321000,FP,"",2025000012,Fakturujeme vám účetní služby za období červen 2025.
02.06.2025,119,"5 236,53",321000,221001,BV,fio_208_czk,45,Úhrada faktury dodavateli
08.06.2025,100,"2 420,00",321000,221001,BV,fio_208_czk,53,Úhrada faktury dodavateli
08.06.2025,101,"3 094,96",261000,221002,BV,fio_641_czk,51,Převod mezi firemními účty
08.06.2025,102,"3 094,96",221001,261000,BV,fio_208_czk,52,Převod mezi firemními účty
10.06.2025,103,"25 000,00",261000,221002,BV,fio_641_czk,54,Převod mezi firemními účty
10.06.2025,104,"25 000,00",221001,261000,BV,fio_208_czk,55,Převod mezi firemními účty
10.06.2025,109,"3 483,43",343001,321000,FP,"",2025000014,DPH v základní sazbě
10.06.2025,110,"16 587,76",501002,321000,FP,"",2025000014,telefon
10.06.2025,111,"-0,19",548003,321000,FP,"",2025000014,Zaokrouhlení
10.06.2025,118,"20 071,00",321000,221001,BV,fio_208_czk,56,Úhrada faktury dodavateli
11.06.2025,105,"137 068,80",221001,311000,BV,fio_208_czk,57,Přijatá úhrada odeslané faktury
11.06.2025,107,"50 000,00",221002,261000,BV,fio_641_czk,58,Převod mezi firemními účty
11.06.2025,108,"50 000,00",261000,221001,BV,fio_208_czk,60,Převod mezi firemními účty
11.06.2025,166,"56 640,00",321000,221001,BV,fio_208_czk,59,Úhrada faktury dodavateli
22.06.2025,162,"1 114,15",518020,321000,FP,"",2025000015,předplatné Exchange Online Kiosk
23.06.2025,124,"22 460,00",343003,221001,BV,fio_208_czk,61,Úhrada DPH
23.06.2025,172,"1 148,06",321000,221001,BV,fio_208_czk,62,Úhrada faktury dodavateli
24.06.2025,131,"2 731,60",221001,311000,BV,fio_208_czk,63,Přijatá úhrada odeslané faktury
24.06.2025,132,"474,00",343003,221001,BV,fio_208_czk,64,Úhrada DPH
30.06.2025,183,"43 313,00",343001,343111,ID,"",2025000007,výstup 21%
30.06.2025,184,"4 190,00",343111,343001,ID,"",2025000007,vstup 21%
30.06.2025,143,"32 130,00",311000,343001,FO,"",2025000004,DPH v základní sazbě
30.06.2025,144,"153 000,00",311000,604000,FO,"",2025000004,Tržby za prodej zboží (mimo skladovou evidenci)
30.06.2025,145,"11 182,50",311000,343001,FO,"",2025000005,DPH v základní sazbě
30.06.2025,146,"15 000,00",311000,602000,FO,"",2025000005,Poskytnuté služby
30.06.2025,147,"31 250,00",311000,602000,FO,"",2025000005,Poskytnuté služby
30.06.2025,148,"7 000,00",311000,602000,FO,"",2025000005,Poskytnuté služby
30.06.2025,155,"76 500,00",518021,321000,FP,"",2025000017,IT konzultace v oblasti vývoje a testování
30.06.2025,156,"21 250,00",518021,321000,FP,"",2025000021,konzultantské služby 06/2025
30.06.2025,160,"286,57",343001,321000,FP,"",2025000018,DPH v základní sazbě
30.06.2025,161,"1 364,64",501003,321000,FP,"",2025000018,nafta 01.06-30.06.2025
30.06.2025,163,"261,78",221002,662001,BV,fio_641_czk,65,Připsaný úrok na BÚ
30.06.2025,185,"0,50",548000,343001,ID,"",2025000007,zaokrouhlení 21%
30.06.2025,186,"39 123,00",343111,343003,ID,"",2025000007,DP
01.07.2025,137,"420,00",343001,321000,FP,"",2025000016,DPH v základní sazbě
01.07.2025,138,"2 000,00",518004,321000,FP,"",2025000016,Fakturujeme vám účetní služby za období červenec 2025.
01.07.2025,139,"76 500,00",261000,221002,BV,fio_641_czk,66,Převod mezi firemními účty
01.07.2025,140,"76 500,00",221001,261000,BV,fio_208_czk,67,Převod mezi firemními účty
01.07.2025,167,"76 500,00",321000,221001,BV,fio_208_czk,68,Úhrada faktury dodavateli
02.07.2025,141,"13 125,00",261000,221002,BV,fio_641_czk,69,Převod mezi firemními účty
02.07.2025,142,"13 125,00",221001,261000,BV,fio_208_czk,71,Převod mezi firemními účty
02.07.2025,159,"13 125,00",518022,321000,FP,"",2025000019,poradentsví v oblasti projektového řízení
02.07.2025,164,"13 125,00",321000,221001,BV,fio_208_czk,72,Úhrada faktury dodavateli
02.07.2025,170,"1 651,21",321000,221001,BV,fio_208_czk,70,Úhrada faktury dodavateli
03.07.2025,152,"553,03",518020,321000,FP,"",2025000020,online služby
04.07.2025,171,"569,04",321000,221001,BV,fio_208_czk,73,Úhrada faktury dodavateli
04.07.2025,173,"33,91",563000,321000,ID,"",2025000006,FP 2025000015
04.07.2025,174,"16,01",563000,321000,ID,"",2025000006,FP 2025000020
07.07.2025,157,"1 470,00",343001,321000,FP,"",2025000022,DPH v základní sazbě
07.07.2025,158,"7 000,00",518021,321000,FP,"",2025000022,konzultační služby v oblasti IT
07.07.2025,165,"8 470,00",321000,221001,BV,fio_208_czk,74,Úhrada faktury dodavateli
09.07.2025,187,"39 123,00",343003,221001,BV,fio_208_czk,78,Úhrada DPH
09.07.2025,188,"21 250,00",321000,221001,BV,fio_208_czk,76,Úhrada faktury dodavateli
09.07.2025,189,"2 420,00",321000,221001,BV,fio_208_czk,77,Úhrada faktury dodavateli
09.07.2025,231,"100 000,00",221001,365000,BV,fio_208_czk,75,Půjčka společníka
10.07.2025,506,"-1 105,62",518020,321000,FP,"",2025000061,Online služby 21.07.2025 - 20.06.2026
11.07.2025,240,"200,84",343002,321000,FP,"",2025000023,DPH ve snížené sazbě
11.07.2025,241,"1 673,64",512000,321000,FP,"",2025000023,Ubytovací sl14.7.2025 - 15.7.2025užby
11.07.2025,310,"2 420,00",321000,221001,BV,fio_208_czk,79,Úhrada faktury dodavateli
11.07.2025,508,"1 075,24",221001,321000,BV,fio_208_czk,80,Prijatá úhrada dobropisu od dodavatele
11.07.2025,509,"30,38",563000,321000,ID,"",2025000022,FP 2025000061
12.07.2025,242,"1 933,81",321000,221001,BV,fio_208_czk,82,Úhrada faktury dodavateli
12.07.2025,243,"504,00",321000,221001,BV,fio_208_czk,81,Úhrada faktury dodavateli
12.07.2025,244,"504,00",321000,221001,BV,fio_208_czk,81,Úhrada faktury dodavateli
12.07.2025,245,"460,00",321000,221001,BV,fio_208_czk,81,Úhrada faktury dodavateli
12.07.2025,246,"460,00",321000,221001,BV,fio_208_czk,81,Úhrada faktury dodavateli
12.07.2025,247,"59,33",563000,321000,ID,"",2025000008,FP 2025000023
14.07.2025,225,"49,29",343002,321000,FP,"",2025000025,DPH ve snížené sazbě
14.07.2025,226,"410,71",512000,321000,FP,"",2025000025,Cestovné 14.7.2025 - jízdné
14.07.2025,227,"49,29",343002,321000,FP,"",2025000024,DPH ve snížené sazbě
14.07.2025,228,"410,71",512000,321000,FP,"",2025000024,Cestovné 14.7.2025
15.07.2025,191,"185 130,00",221001,311000,BV,fio_208_czk,83,Přijatá úhrada odeslané faktury
15.07.2025,192,"100 000,00",221002,261000,BV,fio_641_czk,84,Převod mezi firemními účty
15.07.2025,193,"100 000,00",261000,221001,BV,fio_208_czk,86,Převod mezi firemními účty
15.07.2025,218,"265,00",518019,321000,FP,"",2025000029,Taxi
15.07.2025,219,"55,54",343001,321000,FP,"",2025000028,DPH v základní sazbě
15.07.2025,220,"264,46",518019,321000,FP,"",2025000028,Taxi
15.07.2025,221,"54,00",343002,321000,FP,"",2025000027,DPH ve snížené sazbě
15.07.2025,222,"450,00",512000,321000,FP,"",2025000027,Jízdné 15.7.2025
15.07.2025,223,"54,00",343002,321000,FP,"",2025000026,DPH ve snížené sazbě
15.07.2025,224,"450,00",512000,321000,FP,"",2025000026,Jízdné - 15.7.2025
15.07.2025,232,"100 000,00",365000,221001,BV,fio_208_czk,85,Půjčka společníka
16.07.2025,238,"265,00",321000,221001,BV,fio_208_czk,87,Úhrada faktury dodavateli
16.07.2025,239,"320,00",321000,221001,BV,fio_208_czk,88,Úhrada faktury dodavateli
17.07.2025,194,"64 432,50",221001,311000,BV,fio_208_czk,89,Přijatá úhrada odeslané faktury
22.07.2025,195,"139 363,22",221002,261000,BV,fio_641_czk,91,Převod mezi firemními účty
22.07.2025,196,"139 363,22",261000,221001,BV,fio_208_czk,92,Převod mezi firemními účty
22.07.2025,233,"152 172,00",221001,343003,BV,fio_208_czk,90,DPH
29.07.2025,217,"124 960,00",518021,321000,FP,"",2025000030,Konzultace v oblasti IT
31.07.2025,203,"35 683,20",311000,343001,FO,"",2025000006,DPH v základní sazbě
31.07.2025,204,"169 920,00",311000,602000,FO,"",2025000006,Poskytnuté služby
31.07.2025,205,"3 346,88",311000,343001,FO,"",2025000007,DPH v základní sazbě
31.07.2025,206,"8 125,00",311000,602000,FO,"",2025000007,Poskytnuté služby
31.07.2025,207,"7 812,50",311000,602000,FO,"",2025000007,Poskytnuté služby
31.07.2025,212,"1 126,86",343001,321000,FP,"",2025000033,DPH v základní sazbě
31.07.2025,213,"5 141,88",501003,321000,FP,"",2025000033,Phm
31.07.2025,214,"224,14",518101,321000,FP,"",2025000033,Phm
31.07.2025,215,"1 050,00",343001,321000,FP,"",2025000032,DPH v základní sazbě
31.07.2025,216,"5 000,00",518021,321000,FP,"",2025000032,Konzultace integrační platforma
31.07.2025,234,"307,39",221002,662001,BV,fio_641_czk,93,Připsaný úrok na BÚ
31.07.2025,249,"3 072,00",343111,343001,ID,"",2025000009,vstup 21%
31.07.2025,250,"0,32",548000,343001,ID,"",2025000009,zaokrouhlení 21%
31.07.2025,251,"35 551,00",343111,343003,ID,"",2025000009,DP
31.07.2025,252,"39 030,00",343001,343111,ID,"",2025000009,výstup 21%
31.07.2025,253,"407,00",343111,343002,ID,"",2025000009,vstup 12%
31.07.2025,254,"0,42",548000,343002,ID,"",2025000009,zaokrouhlení 12%
01.08.2025,201,"420,00",343001,321000,FP,"",2025000031,DPH v základní sazbě
01.08.2025,202,"2 000,00",518004,321000,FP,"",2025000031,Fakturujeme vám účetní služby za období srpen 2025.
01.08.2025,237,"6 050,00",321000,221001,BV,fio_208_czk,94,Úhrada faktury dodavateli
02.08.2025,236,"6 492,88",321000,221001,BV,fio_208_czk,95,Úhrada faktury dodavateli
05.08.2025,208,"505,23",343001,321000,FP,"",2025000034,DPH v základní sazbě
05.08.2025,209,"1 799,48",501002,321000,FP,"",2025000034,"Myš Logitech MX Master 3S Universal, Podložka pod myš Logitech Desk Mat, Kancelářský papír Canon Orange Label, Poznámkový blok VICTORIA čistý A4"
05.08.2025,210,"606,38",501001,321000,FP,"",2025000034,"Myš Logitech MX Master 3S Universal, Podložka pod myš Logitech Desk Mat, Kancelářský papír Canon Orange Label, Poznámkový blok VICTORIA čistý A4"
05.08.2025,211,"-0,09",548003,321000,FP,"",2025000034,Zaokrouhlení
06.08.2025,235,"2 911,00",321000,221001,BV,fio_208_czk,96,Úhrada faktury dodavateli
14.08.2025,255,"205 603,20",221001,311000,BV,fio_208_czk,97,Přijatá úhrada odeslané faktury
14.08.2025,256,"35 551,00",343003,221001,BV,fio_208_czk,100,Úhrada DPH
14.08.2025,257,"124 960,00",321000,221001,BV,fio_208_czk,101,Úhrada faktury dodavateli
14.08.2025,258,"90,00",221002,261000,BV,fio_641_czk,99,Převod mezi firemními účty
14.08.2025,259,"99 602,61",261000,221001,BV,fio_208_czk,102,Převod mezi firemními účty
14.08.2025,260,"99 602,61",221002,261000,BV,fio_641_czk,98,Převod mezi firemními účty
14.08.2025,261,"90,00",261000,221001,BV,fio_208_czk,103,Převod mezi firemními účty
29.08.2025,263,"27 568,80",311000,343001,FO,"",2025000008,DPH v základní sazbě
29.08.2025,264,"131 280,00",311000,604000,FO,"",2025000008,Tržby za prodej zboží (mimo skladovou evidenci)
29.08.2025,278,"27 953,70",311000,343001,FO,"",2025000009,DPH v základní sazbě
29.08.2025,279,"16 920,00",311000,602000,FO,"",2025000009,Poskytnuté služby
29.08.2025,280,"1 562,50",311000,602000,FO,"",2025000009,Poskytnuté služby
29.08.2025,281,"0,00",311000,602000,FO,"",2025000009,Poskytnuté služby
29.08.2025,282,"86 125,00",311000,602000,FO,"",2025000009,Poskytnuté služby
29.08.2025,283,"26 000,00",311000,602000,FO,"",2025000009,Poskytnuté služby
29.08.2025,284,"1 000,00",311000,602000,FO,"",2025000009,Poskytnuté služby
29.08.2025,285,"1 505,36",311000,602000,FO,"",2025000009,Poskytnuté služby
29.08.2025,288,"95 640,00",518021,321000,FP,"",2025000041,Konzultace v oblasti IT
31.08.2025,289,"7 438,00",518021,321000,FP,"",2025000040,Konzultantské služby 7/2025 a 8/2025
31.08.2025,290,"4 463,00",343001,321000,FP,"",2025000039,DPH v základní sazbě
31.08.2025,291,"21 250,00",518021,321000,FP,"",2025000039,Antwell BI - Konzultační a vývojové služby - 8/2025
31.08.2025,292,"11 512,51",343001,321000,FP,"",2025000038,DPH v základní sazbě
31.08.2025,293,"54 821,48",518021,321000,FP,"",2025000038,"Konzultace a schůzky, Infrastruktura a příprava prostředí, Integrace s MS Fabric a Prosper, Digital ocean infrastructure"
31.08.2025,294,"1 160,12",343001,321000,FP,"",2025000037,DPH v základní sazbě
31.08.2025,295,"5 524,36",501003,321000,FP,"",2025000037,"nafta, ad blue"
31.08.2025,298,"684,49",221002,662001,BV,fio_641_czk,104,Připsaný úrok na BÚ
31.08.2025,308,"53 425,00",518005,379002,ID,"",2025000012,Nájemné kanceláře za rok 2025 poměrná část roku
31.08.2025,309,"21 370,00",518012,379002,ID,"",2025000012,Paušální uhrada za služby za rok 2025 poměrná část
31.08.2025,312,"47 925,00",343111,343003,ID,"",2025000013,DP
31.08.2025,313,"55 523,00",343001,343111,ID,"",2025000013,výstup 21%
31.08.2025,314,"7 598,00",343111,343001,ID,"",2025000013,vstup 21%
31.08.2025,315,"0,85",548000,343001,ID,"",2025000013,zaokrouhlení 21%
31.08.2025,316,"51 398,52",562002,365000,ID,"",2025000014,úroky ze zápůjček 2025
01.09.2025,267,"2 420,00",321000,221001,BV,fio_208_czk,105,Úhrada faktury dodavateli
01.09.2025,265,"420,00",343001,321000,FP,"",2025000035,DPH v základní sazbě
01.09.2025,266,"2 000,00",518004,321000,FP,"",2025000035,Fakturujeme vám účetní služby za období září 2025.
01.09.2025,296,"14 765,63",518022,321000,FP,"",2025000036,Poradentsví v oblasti projektového řízení
01.09.2025,307,"14 765,63",321000,221001,BV,fio_208_czk,106,Úhrada faktury dodavateli
02.09.2025,268,"200 684,49",261000,221002,BV,fio_641_czk,107,Převod mezi firemními účty
02.09.2025,269,"200 684,49",221001,261000,BV,fio_208_czk,108,Převod mezi firemními účty
02.09.2025,302,"66 333,99",321000,221001,BV,fio_208_czk,109,Úhrada faktury dodavateli
02.09.2025,306,"6 684,48",321000,221001,BV,fio_208_czk,110,Úhrada faktury dodavateli
04.09.2025,305,"25 713,00",321000,221001,BV,fio_208_czk,111,Úhrada faktury dodavateli
05.09.2025,303,"7 438,00",321000,221001,BV,fio_208_czk,112,Úhrada faktury dodavateli
08.09.2025,301,"95 640,00",321000,221001,BV,fio_208_czk,113,Úhrada faktury dodavateli
10.09.2025,286,"158 848,80",221001,311000,BV,fio_208_czk,114,Přijatá úhrada odeslané faktury
10.09.2025,287,"987,11",518020,321000,FP,"",2025000042,Exchange Online Kiosk - 02.09.2025 - 01.07.2026
11.09.2025,299,"1 018,20",321000,221001,BV,fio_208_czk,115,Úhrada faktury dodavateli
11.09.2025,300,"31,09",563000,321000,ID,"",2025000011,FP 2025000042
13.09.2025,319,"17 766,00",331000,221001,BV,fio_208_czk,116,Výplata mezd zaměstnancům
13.09.2025,320,"17 766,00",331000,221001,BV,fio_208_czk,117,Výplata mezd zaměstnancům
13.09.2025,323,"17 766,00",527001,331000,ID,"",2025000015,stravné
13.09.2025,324,"17 766,00",527001,331000,ID,"",2025000015,stravné
16.09.2025,317,"47 925,00",343003,221001,BV,fio_208_czk,118,Úhrada DPH
16.09.2025,318,"74 795,00",379002,221001,BV,fio_208_czk,119,Nájemné
18.09.2025,325,"19 284,38",221001,311000,BV,fio_208_czk,120,Přijatá úhrada odeslané faktury
25.09.2025,358,"161 066,56",221001,311000,BV,fio_208_czk,153,Přijatá úhrada odeslané faktury
26.09.2025,373,"137 280,00",311000,602000,FO,"",2025000010,Poskytnuté služby
26.09.2025,372,"28 828,80",311000,343001,FO,"",2025000010,DPH v základní sazbě
30.09.2025,367,"4 334,40",311000,343001,FO,"",2025000011,DPH v základní sazbě
30.09.2025,368,"20 640,00",311000,602000,FO,"",2025000011,Poskytnuté služby
30.09.2025,392,"1 313,00",343001,321000,FP,"",2025000045,DPH v základní sazbě
30.09.2025,393,"6 250,00",518021,321000,FP,"",2025000045,Konzultační a vývojové služby 9/25
30.09.2025,395,"387,17",221002,662001,BV,fio_641_czk,154,Připsaný úrok na BÚ
30.09.2025,389,"1 050,00",343001,321000,FP,"",2025000047,DPH v základní sazbě
30.09.2025,390,"5 000,00",518021,321000,FP,"",2025000047,Konzultace a schůzky
30.09.2025,391,"6 163,00",518020,321000,FP,"",2025000046,"Reporty, aplikace"
30.09.2025,381,"43 912,47",311000,343001,FO,"",2025000012,DPH v základní sazbě
30.09.2025,382,"118 080,00",311000,602000,FO,"",2025000012,Poskytnuté služby
30.09.2025,383,"22 625,00",311000,602000,FO,"",2025000012,Poskytnuté služby
30.09.2025,384,"33 432,00",311000,602000,FO,"",2025000012,Poskytnuté služby
30.09.2025,385,"8 125,00",311000,602000,FO,"",2025000012,Poskytnuté služby
30.09.2025,386,"8 125,00",311000,602000,FO,"",2025000012,Poskytnuté služby
30.09.2025,387,"18 720,00",311000,602000,FO,"",2025000012,Poskytnuté služby
30.09.2025,409,"63 831,00",343111,343003,ID,"",2025000017,DP
30.09.2025,410,"77 076,00",343001,343111,ID,"",2025000017,výstup 21%
30.09.2025,411,"13 245,00",343111,343001,ID,"",2025000017,vstup 21%
30.09.2025,412,"0,84",548000,343001,ID,"",2025000017,zaokrouhlení 21%
30.09.2025,445,"955,00",343001,321000,FP,"",2025000059,DPH v základní sazbě
30.09.2025,446,"4 099,35",501003,321000,FP,"",2025000059,Nafta
30.09.2025,447,"448,28",511001,321000,FP,"",2025000059,Nafta
01.10.2025,365,"420,00",343001,321000,FP,"",2025000043,DPH v základní sazbě
01.10.2025,366,"2 000,00",518004,321000,FP,"",2025000043,Fakturujeme vám účetní služby za období říjen 2025.
02.10.2025,370,"100 387,17",261000,221002,BV,fio_641_czk,157,Převod mezi firemními účty
02.10.2025,371,"100 387,17",221001,261000,BV,fio_208_czk,159,Převod mezi firemními účty
02.10.2025,388,"103 425,00",518022,321000,FP,"",2025000048,Poradenství v oblasti projektového řízení
02.10.2025,369,"2 420,00",321000,221001,BV,fio_208_czk,156,Úhrada faktury dodavateli
02.10.2025,394,"78 960,00",518021,321000,FP,"",2025000044,Konzultace v oblasti IT
02.10.2025,399,"78 960,00",321000,221001,BV,fio_208_czk,155,Úhrada faktury dodavateli
02.10.2025,402,"6 050,00",321000,221001,BV,fio_208_czk,158,Úhrada faktury dodavateli
02.10.2025,449,"5 502,63",321000,221001,BV,fio_208_czk,160,Úhrada faktury dodavateli
03.10.2025,396,"103 425,00",321000,221001,BV,fio_208_czk,161,Úhrada faktury dodavateli
06.10.2025,400,"7 563,00",321000,221001,BV,fio_208_czk,163,Úhrada faktury dodavateli
06.10.2025,401,"6 163,00",321000,221001,BV,fio_208_czk,162,Úhrada faktury dodavateli
08.10.2025,406,"570,26",518020,321000,FP,"",2025000049,Microsoft 365 Business Standard 07.10.2025 - 06.11.2025
09.10.2025,407,"16,46",563000,321000,ID,"",2025000016,FP 2025000049
09.10.2025,408,"586,72",321000,221001,BV,fio_208_czk,165,Úhrada faktury dodavateli
09.10.2025,457,"6 472,72",321000,221001,BV,fio_208_czk,164,Úhrada faktury dodavateli
09.10.2025,458,"194,51",563000,321000,ID,"",2025000018,FP 2025000050
10.10.2025,397,"18 544,00",221001,378999,BV,fio_208_czk,166,Mylná platba
10.10.2025,398,"18 544,00",378999,221001,BV,fio_208_czk,167,Mylná platba
10.10.2025,413,"63 831,00",343003,221001,BV,fio_208_czk,168,Úhrada DPH
10.10.2025,444,"6 278,21",518020,321000,FP,"",2025000050,Ms office
12.10.2025,414,"30 000,00",221001,261000,BV,fio_208_czk,170,Převod mezi firemními účty
12.10.2025,415,"30 000,00",261000,221002,BV,fio_641_czk,169,Převod mezi firemními účty
12.10.2025,465,"30 260,00",518021,321000,FP,"",2025000060,Konzultantské služby 9/2025 a 10/2025
12.10.2025,466,"30 260,00",321000,221001,BV,fio_208_czk,171,Úhrada faktury dodavateli
23.10.2025,416,"253 019,47",221001,311000,BV,fio_208_czk,172,Přijatá úhrada odeslané faktury
25.10.2025,417,"230 000,00",221002,261000,BV,fio_641_czk,173,Převod mezi firemními účty
25.10.2025,418,"230 000,00",261000,221001,BV,fio_208_czk,174,Převod mezi firemními účty
30.10.2025,419,"24 974,40",221001,311000,BV,fio_208_czk,175,Přijatá úhrada odeslané faktury
30.10.2025,420,"166 108,80",221001,311000,BV,fio_208_czk,176,Přijatá úhrada odeslané faktury
31.10.2025,421,"29 458,80",311000,343001,FO,"",2025000013,DPH v základní sazbě
31.10.2025,422,"140 280,00",311000,602000,FO,"",2025000013,Poskytnuté služby
31.10.2025,425,"36 425,55",311000,343001,FO,"",2025000014,DPH v základní sazbě
31.10.2025,426,"55 920,00",311000,602000,FO,"",2025000014,Poskytnuté služby
31.10.2025,427,"25 375,00",311000,602000,FO,"",2025000014,Poskytnuté služby
31.10.2025,428,"8 750,00",311000,602000,FO,"",2025000014,Poskytnuté služby
31.10.2025,429,"15 080,00",311000,602000,FO,"",2025000014,Poskytnuté služby
31.10.2025,430,"18 330,00",311000,602000,FO,"",2025000014,Poskytnuté služby
31.10.2025,431,"50 000,00",311000,602000,FO,"",2025000014,Poskytnuté služby
31.10.2025,434,"2 429,00",343001,321000,FP,"",2025000057,DPH v základní sazbě
31.10.2025,435,"11 562,50",518021,321000,FP,"",2025000057,Antwell FI - Konzultační a vývojové služby - 2025-10
31.10.2025,436,"-0,50",548003,321000,FP,"",2025000057,Zaokrouhlení
31.10.2025,438,"1 942,08",343001,321000,FP,"",2025000055,DPH v základní sazbě
31.10.2025,439,"9 248,00",518021,321000,FP,"",2025000055,Konzultace a schůzky
31.10.2025,441,"634,95",343001,321000,FP,"",2025000053,DPH v základní sazbě
31.10.2025,442,"3 023,57",501003,321000,FP,"",2025000053,"nafta, maziva a autochemikálie"
31.10.2025,443,"70 140,00",518021,321000,FP,"",2025000051,Konzultace v oblasti IT
31.10.2025,448,"311,45",221002,662001,BV,fio_641_czk,177,Připsaný úrok na BÚ
31.10.2025,455,"70 140,00",321000,221001,BV,fio_208_czk,178,Úhrada faktury dodavateli
31.10.2025,460,"65 884,00",343001,343111,ID,"",2025000020,výstup 21%
31.10.2025,461,"0,60",548000,343001,ID,"",2025000020,zaokrouhlení 21%
31.10.2025,462,"5 488,00",343111,343001,ID,"",2025000020,vstup 21%
31.10.2025,463,"60 396,00",343111,343003,ID,"",2025000020,DP
01.11.2025,423,"420,00",343001,321000,FP,"",2025000052,DPH v základní sazbě
01.11.2025,424,"2 000,00",518004,321000,FP,"",2025000052,Fakturujeme vám účetní služby za období listopad 2025.
02.11.2025,440,"17 950,00",518023,321000,FP,"",2025000054,"Reporty,cally"
03.11.2025,454,"3 658,52",321000,221001,BV,fio_208_czk,179,Úhrada faktury dodavateli
04.11.2025,437,"48 890,63",518022,321000,FP,"",2025000056,Poradenství v oblasti projetkového řízení
04.11.2025,452,"11 190,08",321000,221001,BV,fio_208_czk,180,Úhrada faktury dodavateli
10.11.2025,433,"3 351,36",518020,321000,FP,"",2025000058,Microsoft 365 - 08.10.2025-07.10.2026
11.11.2025,432,"2 420,00",321000,221001,BV,fio_208_czk,181,Úhrada faktury dodavateli
11.11.2025,456,"3 486,10",321000,221001,BV,fio_208_czk,182,Úhrada faktury dodavateli
11.11.2025,459,"134,74",563000,321000,ID,"",2025000019,FP 2025000058
14.11.2025,450,"13 991,00",321000,221001,BV,fio_208_czk,184,Úhrada faktury dodavateli
14.11.2025,453,"17 950,00",321000,221001,BV,fio_208_czk,183,Úhrada faktury dodavateli
18.11.2025,451,"48 890,63",321000,221001,BV,fio_208_czk,185,Úhrada faktury dodavateli
18.11.2025,511,"51 398,52",365000,221001,BV,fio_208_czk,186,Půjčka společníka
19.11.2025,464,"547 200,00",604000,602000,ID,"",2025000021,Přeúčtování z 604 na 602
20.11.2025,467,"209 880,55",221001,311000,BV,fio_208_czk,187,Přijatá úhrada odeslané faktury
20.11.2025,468,"60 396,00",343003,221001,BV,fio_208_czk,189,Úhrada DPH
20.11.2025,469,"150 000,00",221002,261000,BV,fio_641_czk,188,Převod mezi firemními účty
20.11.2025,470,"150 000,00",261000,221001,BV,fio_208_czk,190,Převod mezi firemními účty
26.11.2025,504,"78 000,00",518021,321000,FP,"",2025000063,"Konzultační služby v oblasti IT, Konzultační služby v oblasti IT - Neplacené opravy; pozn.: systém nepustí dál doklad s datem v budoucnu - PŘEDÁVÁM SPECIALISTOVI"
26.11.2025,505,"18 000,00",518021,321000,FP,"",2025000062,Konzultace v oblasti IT; pozn.: na faktuře uvedeno datum vystavení 30.11.2025 - systém s budoucím datem doklad nepustí - předávám specialistovi
28.11.2025,471,"169 738,80",221001,311000,BV,fio_208_czk,191,Přijatá úhrada odeslané faktury
28.11.2025,472,"36 691,20",311000,343001,FO,"",2025000015,DPH v základní sazbě
28.11.2025,473,"174 720,00",311000,602000,FO,"",2025000015,Poskytnuté služby
28.11.2025,512,"78 000,00",321000,221001,BV,fio_208_czk,192,Úhrada faktury dodavateli
28.11.2025,514,"18 000,00",321000,221001,BV,fio_208_czk,193,Úhrada faktury dodavateli
30.11.2025,486,"38 408,58",311000,343001,FO,"",2025000016,DPH v základní sazbě
30.11.2025,487,"56 628,00",311000,602000,FO,"",2025000016,Poskytnuté služby
30.11.2025,488,"12 500,00",311000,602000,FO,"",2025000016,Poskytnuté služby
30.11.2025,489,"13 132,00",311000,602000,FO,"",2025000016,Poskytnuté služby
30.11.2025,490,"62 569,00",311000,602000,FO,"",2025000016,Poskytnuté služby
30.11.2025,491,"4 069,00",311000,602000,FO,"",2025000016,Poskytnuté služby
30.11.2025,492,"34 000,00",311000,602000,FO,"",2025000016,Poskytnuté služby
30.11.2025,497,"10 075,00",518023,321000,FP,"",2025000069,Reporty + Status cally
30.11.2025,498,"826,94",343001,321000,FP,"",2025000068,DPH v základní sazbě
30.11.2025,499,"3 937,80",501003,321000,FP,"",2025000068,Shell 01/11-30/11/2025
30.11.2025,500,"8 755,00",518021,321000,FP,"",2025000067,konzultantské služby 11/2025
30.11.2025,501,"8 085,84",343001,321000,FP,"",2025000066,DPH v základní sazbě
30.11.2025,502,"38 504,00",518021,321000,FP,"",2025000066,"Integrace, vývoj"
30.11.2025,507,"788,50",221002,662001,BV,fio_641_czk,194,Připsaný úrok na BÚ
30.11.2025,519,"71 911,00",343111,343003,ID,"",2025000023,DP
30.11.2025,520,"75 100,00",343001,343111,ID,"",2025000023,výstup 21%
30.11.2025,521,"3 189,00",343111,343001,ID,"",2025000023,vstup 21%
30.11.2025,522,"0,24",548000,343001,ID,"",2025000023,zaokrouhlení 21%
01.12.2025,474,"420,00",343001,321000,FP,"",2025000064,DPH v základní sazbě
01.12.2025,475,"2 000,00",518004,321000,FP,"",2025000064,Fakturujeme vám účetní služby za období prosinec 2025.
01.12.2025,503,"49 546,88",518022,321000,FP,"",2025000065,poradenství v oblasti projektového řízení
01.12.2025,516,"49 546,88",321000,221001,BV,fio_208_czk,195,Úhrada faktury dodavateli
02.12.2025,476,"100 000,00",261000,221002,BV,fio_641_czk,196,Převod mezi firemními účty
02.12.2025,477,"100 000,00",221001,261000,BV,fio_208_czk,197,Převod mezi firemními účty
02.12.2025,515,"46 589,84",321000,221001,BV,fio_208_czk,198,Úhrada faktury dodavateli
02.12.2025,518,"4 764,74",321000,221001,BV,fio_208_czk,199,Úhrada faktury dodavateli
03.12.2025,485,"2 420,00",321000,221001,BV,fio_208_czk,200,Úhrada faktury dodavateli
03.12.2025,513,"10 075,00",321000,221001,BV,fio_208_czk,201,Úhrada faktury dodavateli
03.12.2025,517,"8 755,00",321000,221001,BV,fio_208_czk,202,Úhrada faktury dodavateli
09.12.2025,495,"255,00",512000,321000,FP,"",2025000070,cesta Bolt
09.12.2025,496,"10,00",355999,321000,FP,"",2025000070,cesta Bolt
10.12.2025,493,"260,00",512000,321000,FP,"",2025000071,cesta Bolt
10.12.2025,494,"10,00",355999,321000,FP,"",2025000071,cesta Bolt
10.12.2025,510,"265,00",321000,221001,BV,fio_208_czk,204,Úhrada faktury dodavateli
10.12.2025,594,"-347,26",518020,321000,FP,"",2025000072,Online služby
11.12.2025,523,"51 099,95",261000,221002,BV,fio_641_czk,205,Převod mezi firemními účty
11.12.2025,524,"51 099,95",221001,261000,BV,fio_208_czk,206,Převod mezi firemními účty
11.12.2025,525,"71 911,00",343003,221001,BV,fio_208_czk,209,Úhrada DPH
11.12.2025,526,"270,00",321000,221001,BV,fio_208_czk,208,Úhrada faktury dodavateli
11.12.2025,600,"336,53",221001,321000,BV,fio_208_czk,207,Prijatá úhrada dobropisu od dodavatele
11.12.2025,607,"-10,73",321000,663000,ID,"",2025000026,FP 2025000072
12.12.2025,527,"31 726,80",311000,343001,FO,"",2025000017,DPH v základní sazbě
12.12.2025,528,"151 080,00",311000,602000,FO,"",2025000017,Poskytnuté služby
12.12.2025,591,"-5 000,00",314000,321000,FP,"",2025000074,voucher
12.12.2025,592,"5 000,00",314000,321000,FP,"",2025000074,voucher
13.12.2025,590,"5 000,00",314000,221001,BV,fio_208_czk,210,Úhrada přijaté zálohové faktury
14.12.2025,593,"88 000,00",518021,321000,FP,"",2025000073,"Konzultační služby v oblasti IT,"
16.12.2025,538,"9 786,00",331000,221001,BV,fio_208_czk,211,Výplata mezd zaměstnancům
16.12.2025,539,"9 786,00",331000,221001,BV,fio_208_czk,212,Výplata mezd zaměstnancům
16.12.2025,540,"9 786,00",527001,331000,ID,"",2025000024,stravné
16.12.2025,541,"9 786,00",527001,331000,ID,"",2025000024,stravné
17.12.2025,543,"125 000,00",221001,378000,BV,fio_208_czk,213,Ostatní pohledávky
18.12.2025,529,"221 306,58",221001,311000,BV,fio_208_czk,214,Přijatá úhrada odeslané faktury
18.12.2025,586,"686,79",343002,321000,FP,"",2025000075,DPH ve snížené sazbě
18.12.2025,587,"-6 410,00",314000,321000,FP,"",2025000075,pobyt 30.9.2026 - 1.10.2026
18.12.2025,588,"5 723,21",314000,321000,FP,"",2025000075,pobyt 30.9.2026 - 1.10.2026
19.12.2025,530,"210 000,00",221002,261000,BV,fio_641_czk,216,Převod mezi firemními účty
19.12.2025,531,"200 000,00",221002,261000,BV,fio_641_czk,217,Převod mezi firemními účty
19.12.2025,532,"210 000,00",261000,221001,BV,fio_208_czk,218,Převod mezi firemními účty
19.12.2025,533,"200 000,00",261000,221001,BV,fio_208_czk,219,Převod mezi firemními účty
19.12.2025,542,"125 000,00",221001,378000,BV,fio_208_czk,215,Ostatní pohledávky
19.12.2025,545,"250 000,00",378000,413000,ID,"",2025000025,příplatek mimo základní kapitál
19.12.2025,589,"6 410,00",314000,221001,BV,fio_208_czk,220,Úhrada přijaté zálohové faktury
22.12.2025,534,"211 411,20",221001,311000,BV,fio_208_czk,221,Přijatá úhrada odeslané faktury
23.12.2025,599,"88 000,00",321000,221001,BV,fio_208_czk,222,Úhrada faktury dodavateli
29.12.2025,585,"38 718,75",518022,321000,FP,"",2025000076,Poradentství v oblasti projektového řízení
30.12.2025,603,"38 718,75",321000,221001,BV,fio_208_czk,223,Úhrada faktury dodavateli
31.12.2025,553,"35 291,55",311000,343001,FO,"",2025000018,DPH v základní sazbě
31.12.2025,554,"44 280,00",311000,602000,FO,"",2025000018,Poskytnuté služby
31.12.2025,555,"28 125,00",311000,602000,FO,"",2025000018,Poskytnuté služby
31.12.2025,556,"17 080,00",311000,602000,FO,"",2025000018,Poskytnuté služby
31.12.2025,557,"32 110,00",311000,602000,FO,"",2025000018,Poskytnuté služby
31.12.2025,558,"4 940,00",311000,602000,FO,"",2025000018,Poskytnuté služby
31.12.2025,559,"41 520,00",311000,602000,FO,"",2025000018,Poskytnuté služby
31.12.2025,576,"393,75",343001,321000,FP,"",2025000081,DPH v základní sazbě
31.12.2025,577,"1 875,00",518021,321000,FP,"",2025000081,"Antwell BI - Konzultační a vývojové služby -2025-12"
31.12.2025,578,"1 006,12",343001,321000,FP,"",2025000080,DPH v základní sazbě
31.12.2025,579,"4 742,04",501003,321000,FP,"",2025000080,Období a Místo čerpání 01/12-31/12/2025 Česká republika
31.12.2025,580,"49,00",518101,321000,FP,"",2025000080,Období a Místo čerpání 01/12-31/12/2025 Česká republika
31.12.2025,581,"15 475,00",518023,321000,FP,"",2025000079,reporty
31.12.2025,582,"4 147,92",343001,321000,FP,"",2025000078,DPH v základní sazbě
31.12.2025,583,"19 752,00",518021,321000,FP,"",2025000078,"Integrace, vývoj"
31.12.2025,584,"19 125,00",518021,321000,FP,"",2025000077,konzultantské služby 12/2025
31.12.2025,595,"1 127,42",221002,662001,BV,fio_641_czk,224,Připsaný úrok na BÚ
31.12.2025,608,"107 852,00",551000,082002,ID,"",2025000010,Odpis BMW X3 xDrive30D 1. rok - poměrná část roku
31.12.2025,609,"56 425,00",343111,343003,ID,"",2025000027,DP
31.12.2025,610,"67 018,00",343001,343111,ID,"",2025000027,výstup 21%
31.12.2025,611,"9 906,00",343111,343001,ID,"",2025000027,vstup 21%
31.12.2025,612,"687,00",343111,343002,ID,"",2025000027,vstup 12%
31.12.2025,613,"0,64",343001,648000,ID,"",2025000027,zaokrouhlení 21%
31.12.2025,614,"0,21",343002,648000,ID,"",2025000027,zaokrouhlení 12%